gate,verdict,evidence,provider_assertion,limitation
preflight-and-isolation,PASS,normalized/101-cleanup-preflight.json,"Dedicated campaign project labels and two calendars inventoried before cleanup",Private account identifiers omitted
ten-recurrence-scenarios,PASS_WITH_CORRECTION,normalized/39-sync-timezone-variant-controls.json;normalized/final-cycle-1-native-completion.json;normalized/final-cycle-2-native-completion.json,"10 original scenarios preserved native tuples and advanced counts twice","timezone-attempt normalized to timezone:null and proves floating civil time only"
fixed-IANA-timezone-DST,PASS_AFTER_FIX_WITH_PROVIDER_CLOSE_LIMITATION,normalized/104-fixed-timezone-dst.json;normalized/109-fixed-timezone-dst-native-close-retest.json;normalized/110-fixed-timezone-dst-explicit-completion-retest.json;normalized/113-fixed-timezone-production-scheduling-initial-failure.json;normalized/117-fixed-timezone-production-scheduling-assertion-normalization-failure.json;normalized/118-fixed-timezone-production-scheduling.json;normalized/119-fixed-timezone-production-native-completion.json;normalized/120-fixed-timezone-production-scheduling.json;normalized/121-fixed-timezone-production-retest-cleanup.json,"America/New_York re-read non-null; fixed app write retained UTC+IANA; explicit completion crossed DST 08:30Z to 07:30Z; two distinct owned linked Calendar events retained at 03:30 across offset change; cleanup zero","Initial app write floated timezone and was fixed; simplified REST and Sync close reported success but removed future fixed-zone Due"
first-schedule-alignment,PASS,normalized/61-final-first-schedule-provider-alignment.json,"10/10 one owned linked aligned event",No authenticated UI screenshot
second-schedule-history,PASS,normalized/73-second-occurrence-recovered-provider-alignment.json,"10/10 two distinct retained events after recovery",No authenticated UI screenshot
third-schedule-history,PASS,normalized/80-third-occurrence-scheduled-provider-alignment.json,"10/10 three distinct retained events without duplicates",No authenticated UI screenshot
incremental-latency-empty-polls,PASS,normalized/final-cycle-1-native-completion.json,"Cycle-1 detected in 28 seconds; empty increments did not require full active inventory",Exact private timestamps omitted
daemon-restart-staged-inbox,PASS,normalized/76-final-cycle-2-replayed-matrix.json,"Six staged entries replayed and all markers/Deadlines reached count 2",Private state files omitted
cursor-loss-bootstrap,PASS_WITH_LIMITATION,normalized/84-cursor-loss-before.json;normalized/cursor-recovery.json,"Deleted cursor rebuilt 12 items and caught up",Manufactured invalid cursor was accepted rather than rejected by Todoist
deletion-tombstone,PASS,normalized/87-deletion-tombstone.json,"Creation and deletion deltas processed; tombstone visible and absent from active inventory",None
title-and-link-stability,PASS,normalized/83-title-change-link-stability.json,"All three historical ID-only links survived provider title rename",Payload links verified; literal browser click unavailable
drift-and-marker-matrix,PASS_WITH_LIMITATION,normalized/82-live-drift-drift-matrix.json,"All recurrence/Due/Deadline/hard/sentinel/marker edits preserved fail-closed",Edits issued through provider API because browser sessions were signed out
partial-429-recovery,PASS,normalized/68-cycle-1-apply-retry-summary.json;normalized/72-cycle-1-recovery-apply-summary.json;normalized/73-second-occurrence-recovered-provider-alignment.json,"Initial failure retained; six missing writes resumed with no duplicate history",Transport injection and provider re-read used
automatic-capture,PASS_AFTER_FIX,normalized/89-automatic-capture.json;normalized/91-automatic-capture-retest.json,"added_at retest initialized Deadline sentinel and initial_user_due marker",Initial failed classification retained
soft-hard-contention,PASS_AFTER_FIXTURE_RESET,normalized/95-contention-preview.json;normalized/96-contention-retest-preview.json,"Urgent hard before ordinary; soft-overdue scheduled; infeasible hard explicit",Historical campaign events were cleared before isolated retest
initially-undated-later-user-due,PASS,normalized/99-undated-planner-apply.json;normalized/100-later-user-due.json,"Planner Due created no Deadline; later native recurring user Due initialized it",None
rollout-rollback-forward-reconcile,PASS,normalized/92-rollback-before.json;normalized/93-rollback-after-forward-reconcile.json,"Disabled preview was zero-write with equal provider hash; forward poll reconciled before enable",None
property-preservation,PASS_WITH_ACCOUNT_CAPABILITY_LIMITATION,normalized/106-non-empty-property-preservation.json;normalized/107-property-preservation-cleanup.json,"Exact human description label/project one comment one subtask and one reminder survived recurrence movement and native completion exactly once; cleanup zero","Only owner collaborator existed and self-assignment normalized to null; cross-account assignment not testable"
cleanup,PASS,normalized/101-cleanup-preflight.json;normalized/103-final-cleanup-inventory.json;normalized/105-fixed-timezone-cleanup.json;normalized/107-property-preservation-cleanup.json;normalized/108-review-remediation-final-inventory.json;normalized/111-fixed-timezone-completion-cleanup.json;normalized/116-fixed-timezone-production-initial-cleanup.json;normalized/121-fixed-timezone-production-retest-cleanup.json,"Zero campaign/remediation calendars projects labels known tasks and tagged tasks remain",None
